{"cameraMode":{"drawMode":0,"name":"Shaded","section":"Shading Mode"},"sceneLighting":true,"audioPlay":false,"sceneViewState":{"showFog":true,"showMaterialUpdate":false,"showSkybox":true,"showFlares":true,"showImageEffects":true,"showParticleSystems":true},"in2DMode":false,"pivot":{"x":-1.5396156311035157,"y":-0.5865707397460938,"z":2.2584762573242189},"rotation":{"x":-0.11025207489728928,"y":0.8650115728378296,"z":-0.2174767702817917,"w":-0.4385254383087158},"size":10.0,"orthographic":false}